<?xml version="1.0" encoding="UTF-8"?>
<config xmlns="http://www.knime.org/2008/09/XMLConfig" xmlns:xsi="http://www.w3.org/2001/XMLSchema-instance" xsi:schemaLocation="http://www.knime.org/2008/09/XMLConfig http://www.knime.org/XMLConfig_2008_09.xsd" key="preprocessing">
    <config key="preprocColumns">
        <entry key="array-size" type="xint" value="13"/>
        <entry key="0" type="xstring" value="gdp_per_capita"/>
        <entry key="1" type="xstring" value="social_support"/>
        <entry key="2" type="xstring" value="healthy_life_expectancy"/>
        <entry key="3" type="xstring" value="freedom_to_make_life_choices"/>
        <entry key="4" type="xstring" value="generosity"/>
        <entry key="5" type="xstring" value="perceptions_of_corruption"/>
        <entry key="6" type="xstring" value="unemployment_share"/>
        <entry key="7" type="xstring" value="urban_population_share"/>
        <entry key="8" type="xstring" value="internet_users_share"/>
        <entry key="9" type="xstring" value="polution"/>
        <entry key="10" type="xstring" value="house_price_to_income"/>
        <entry key="11" type="xstring" value="population"/>
        <entry key="12" type="xstring" value="mob_internet_per_capita_gb"/>
    </config>
</config>
