<?xml version="1.0" encoding="UTF-8"?>
<config xmlns="http://www.knime.org/2008/09/XMLConfig" xmlns:xsi="http://www.w3.org/2001/XMLSchema-instance" xsi:schemaLocation="http://www.knime.org/2008/09/XMLConfig http://www.knime.org/XMLConfig_2008_09.xsd" key="spec.xml">
    <entry key="spec_name" type="xstring" value="default"/>
    <entry key="number_columns" type="xint" value="1"/>
    <config key="column_spec_0">
        <entry key="column_name" type="xstring" value="Correlation value"/>
        <config key="element_names">
            <entry key="array-size" type="xint" value="0"/>
        </config>
        <config key="column_type">
            <entry key="cell_class" type="xstring" value="org.knime.core.data.def.DoubleCell"/>
        </config>
        <config key="column_domain">
            <config key="lower_bound">
                <entry key="datacell" type="xstring" value="org.knime.core.data.def.DoubleCell"/>
                <config key="org.knime.core.data.def.DoubleCell">
                    <entry key="DoubleCell" type="xdouble" value="-0.6721018818382719"/>
                </config>
            </config>
            <config key="upper_bound">
                <entry key="datacell" type="xstring" value="org.knime.core.data.def.DoubleCell"/>
                <config key="org.knime.core.data.def.DoubleCell">
                    <entry key="DoubleCell" type="xdouble" value="0.7374657276439803"/>
                </config>
            </config>
        </config>
        <config key="column_properties">
            <entry key="preferred.renderer" type="xstring" value="Full Precision"/>
        </config>
        <config key="color_handler">
            <entry key="color_model_class" type="xstring" value="org.knime.core.data.property.ColorModelRange"/>
            <config key="color_model">
                <entry key="lower_value" type="xdouble" value="-0.6721018818382719"/>
                <entry key="upper_value" type="xdouble" value="0.7374657276439803"/>
                <config key="lower_color">
                    <entry key="array-size" type="xint" value="4"/>
                    <entry key="0" type="xint" value="204"/>
                    <entry key="1" type="xint" value="0"/>
                    <entry key="2" type="xint" value="51"/>
                    <entry key="3" type="xint" value="255"/>
                </config>
                <config key="upper_color">
                    <entry key="array-size" type="xint" value="4"/>
                    <entry key="0" type="xint" value="0"/>
                    <entry key="1" type="xint" value="153"/>
                    <entry key="2" type="xint" value="0"/>
                    <entry key="3" type="xint" value="255"/>
                </config>
            </config>
        </config>
        <config key="meta_data"/>
    </config>
</config>
